,food,ALPHA-TOCOPHEROL,AMYLOSE,ASCORBATE|ASCORBIC-ACID,ASCORBIC-ACID,BIOTIN,CALCIUM,CARBOHYDRATE,CARBOHYDRATES,CARBOHYDRATE|CARBOHYDRATES,CHLORIDE,CHROMIUM,COPPER,FAT,FLUORIDE,HISTIDINE,IODINE,IRON,ISOLEUCINE,ISOLINOLEIC-ACID,LEUCINE,LYSINE,MAGNESIUM,MANGANESE,METHIONINE,MOLYBDENUM,NIACIN,NIACIN|NICOTINIC-ACID,PANTOTHENIC-ACID,PHENYLALANINE,PHOSPHORUS,POTASSIUM,PROLINE,PROTEIN,PROTEIN|PROTEINS,PYRIDOXINE,PYRIDOXINE|VIT-B-6,RIBOFLAVIN,RIBOFLAVIN|VITAMIN-B-2,SELENIUM,SODIUM,STARCH,SUCROSE,SUCROSE|SUGAR,SUGAR,SUGARS,THIAMIN,THIAMINE,THIAMIN|THIAMINE,THIAMIN|VITAMIN-B-1,THREONINE,TOCOPHEROL,TOCOPHEROLS,TRYPTOPHAN,VALINE,VIT-B-6,VIT-E,VITAMIN-B-6,VITAMIN-K-1,ZINC
0,Aceituna Dulce,0.0,0,0.0,133.0,0.0,92.0,0,91400.0,0,0.0,0.0,1.4,1840.0,0.0,0.0,0.0,11.3,0.0,0.0,0.0,0.0,214.5,0.0,0.0,0.0,2.1,0.0,0.0,0.0,0.0,670.5,0.0,5600.0,0,0.0,0.0,0.07,0.0,0.0,160.5,0.0,0.0,0,0,0.0,0.18,0.0,0.0,0.0,0.0,0.0,0.0,0.0,0.0,0.0,0.0,0.0,0.0,0.0
1,Almond,27.5,0,0.0,1.3,0.0,296.2,0,0.0,24300,0.0,0.17,1.1,62100.0,0.0,583.7,0.02,6.0,905.8,0.0,1623.4,696.6,312.6,3.2,0.0,0.03,6.3,0.0,0.5,1164.2,873.5,856.0,1312.7,35000.0,0,0.0,0.0,0.97,0.0,0.6,14.7,0.0,0.0,10000,0,0.0,0.26,0.0,0.0,0.0,773.0,0.0,0.0,374.5,1075.2,0.1,0.0,0.0,0.0,3.7
2,American Cranberry,8.1,0,0.0,100.3,0.0,115.7,0,94205.0,0,0.0,0.008,0.47,5800.0,0.0,0.0,0.0,4.1,0.0,0.0,0.0,0.0,69.0,20.0,0.0,0.07,0.83,0.0,1.6,0.0,107.5,677.7,0.0,3300.0,0,0.0,0.0,0.17,0.0,0.0,16.5,0.0,0.0,0,0,0.0,0.0,0.0,0.25,0.0,0.0,0.0,0.0,0.0,0.0,0.54,0.0,0.0,0.0,1.9
3,American Persimmon,0.0,0,0.0,185.5,0.0,1035.9333333333334,0,94100.0,0,0.0,0.185,5.775,1861.5,0.0,0.0,0.0,73.0,0.0,0.0,0.0,0.0,520.0,129.0,0.0,0.108,0.0,0.0,0.0,0.0,160.73333333333332,1363.6666666666667,0.0,6123.5,0,0.0,0.0,0.0,0.0,0.0,2.8,0.0,0.0,0,0,0.0,0.0,0.0,0.0,0.0,0.0,0.0,0.0,0.0,0.0,0.0,0.0,0.0,0.0,9.35
4,Apple,3.7,0,0.0,40.2,0.0,57.0,0,94855.0,0,0.0,0.03,0.4,13210.0,0.0,18.7,0.0,12.3,49.7,0.0,74.6,74.6,47.8,2.9,12.4,0.043,0.7,0.0,0.4,31.1,92.5,1214.0,43.5,1280.0,0,0.0,0.0,0.1,0.0,0.0,13.3,0.0,0.0,16600,0,0.0,0.2,0.0,0.0,0.0,43.5,0.0,0.0,12.4,56.0,0.3,0.0,0.0,0.0,3.5
5,Apricot,0.0,0,0.0,74.5,0.0,171.05,0,50650.0,0,0.0,0.0,1.6,27750.0,0.0,198.0,0.005,6.35,300.0,0.0,564.0,710.5,118.25,1.1,44.0,0.0,3.9,0.0,1.76,381.0,299.1,1517.4,740.0,22100.0,0,0.0,0.0,0.485,0.0,0.0,5.3500000000000005,0.0,5400.0,0,0,0.0,0.2,0.0,0.0,0.0,344.5,0.0,0.0,110.0,344.5,0.4,0.0,0.0,0.0,3.8
6,Arrowroot,0.0,0,0.0,21.5,0.0,46.7,0,91100.0,0,0.0,0.0,0.0,600.0,0.0,0.0,0.0,7.5,0.0,0.0,0.0,0.0,0.0,0.0,0.0,0.0,1.6,0.0,0.0,0.0,56.1,0.0,0.0,5600.0,0,0.0,0.0,0.07,0.0,0.0,0.0,69500.0,0.0,0,0,6300.0,0.4,0.0,0.0,0.0,0.0,0.0,0.0,0.0,0.0,0.0,0.0,0.0,0.0,0.0
7,Asparagus,0.0,0,0.0,571.4,0.0,384.0,0,60200.0,0,0.0,0.07,2.4,4100.0,0.0,606.5,0.0,24.0,1445.2,0.0,1716.1,1871.0,700.0,10.0,374.2,0.18,36.6,0.0,2.24,929.0,1024.4,5520.0,2090.3,39484.0,0,0.0,0.0,3.6,0.0,0.0078,68.5,0.0,0.0,0,1500,0.0,2.6,0.0,0.0,0.0,1096.8,25.6,0.0,387.1,1522.6,0.0,0.0,0.0,0.0,12.4
8,Aubergine,0.0,0,0.0,337.8,0.0,1219.1,0,64800.0,0,0.0,0.012,2.0,9300.0,0.0,309.8,0.0,63.85,594.8,0.0,855.0,632.0,156.3,4.0,148.7,0.056,9.8,0.0,1.0,570.0,431.5,3200.0,570.0,26900.0,0,0.0,0.0,0.88,0.0,0.0002,215.0,0.0,0.0,3000,0,0.0,1.0,0.0,0.0,0.0,495.7,0.0,0.0,123.9,706.3,1.16,0.0,0.0,0.0,2.56
9,Avocado,4.9,0,0.0,99.4,0.04,96.4,0,62900.0,0,0.0,0.0,1.1,86400.0,0.0,112.7,0.0,7.1,275.9,0.0,478.0,365.3,174.0,1.0,143.8,0.0,10.1,0.0,3.77,264.3,303.0,2747.0,299.3,8100.0,0,0.0,2.3,0.77,0.0,0.0,52.0,0.0,0.0,0,0,0.0,0.42,0.0,0.0,0.0,256.5,0.0,0.0,81.6,377.0,0.0,0.0,0.0,0.0,1.6
10,Beet,22.13,0,0.0,228.20000000000002,0.0,1078.4,0,70150.0,0,0.0,0.033,1.7,4800.0,0.0,0.0,0.0,27.85,347.0,0.0,496.8,418.0,420.0,9.0,134.1,0.0,5.0,0.0,1.18,331.2,2576.3,5589.9,299.7,18766.666666666668,0,0.0,0.0,1.495,0.0,0.0,1163.8,0.0,27000.0,0,0,0.0,0.82,0.0,0.0,0.0,347.0,0.0,0.0,134.1,410.0,0.36,0.0,0.0,0.0,7.0
11,Bell Pepper,28.4,0,0.0,2098.2,0.0,195.6,0,81300.0,0,0.0,0.0546,2.0,14700.0,0.0,231.9,0.0,28.6,368.3,0.0,600.2,518.3,234.0,3.9,136.4,1.5,17.2,0.0,0.5,354.6,388.5,3500.0,504.7,18400.0,0,0.0,0.0,1.9,0.0,0.0002,62.5,0.0,0.0,0,0,0.0,0.0,0.0,1.5,0.0,422.8,2.4,0.0,150.0,491.0,2.2,0.0,0.0,0.0,7.7
12,Ben Nut,0.0,0,0.0,561.25,0.0,1007.25,0,46354.25,0,0.0,0.0,0.4,12800.25,0.0,918.5,0.07,16.5,2113.5,0.0,3706.5,2516.5,535.25,0.0,576.5,0.0,7.85,0.0,0.0,2282.0,351.75,2742.75,2113.5,32161.25,0,0.0,0.0,1.815,0.0,0.0,199.0,0.0,0.0,0,0,0.0,0.825,0.0,0.0,0.0,1926.0,0.0,29.6,674.5,2863.0,3.3,0.0,0.0,0.0,0.0
13,Bilberry,0.0,0,0.0,165.0,0.0,154.0,0,0.0,0,0.0,0.008,0.63,31000.0,0.0,0.0,0.0,15.3,0.0,0.0,0.0,0.0,70.0,143.5,0.0,0.0,0.0,0.0,0.0,0.0,138.5,846.0,0.0,12900.0,0,0.0,0.0,0.3,0.0,0.0,5.0,0.0,0.0,0,0,0.0,0.0,0.0,0.8,0.0,0.0,0.0,0.0,0.0,0.0,0.0,0.0,0.0,0.0,4.0
14,Black Currant,12.0,0,0.0,138.0,0.0,472.0,0,85205.0,0,0.0,0.027,0.7,16648.85,0.0,0.0,0.0,10.8,2.8,0.0,2.8,0.0,172.0,2.7,0.0,0.06,1.7,0.0,2.2,0.0,350.0,2111.0,9.8,11517.0,0,0.0,0.0,0.3,0.0,0.0,11.1,0.0,0.0,0,0,10640.0,0.3,0.0,0.0,0.0,1.7,0.0,0.0,0.0,17.0,0.4,0.0,0.0,1.01,2.1
15,Black Elder,0.0,0,0.0,0.0,0.0009,0.0,0,0.0,0,0.0,0.0,0.0,8560.0,0.0,0.0,0.0,0.0,0.0,0.0,0.0,0.0,0.0,0.0,0.0,0.0,0.0,0.7,0.0,0.0,0.0,0.0,0.0,14700.0,0,0.0,0.0,0.07,0.0,0.0,0.0,0.0,0.0,5800,0,0.0,0.1,0.0,0.0,0.0,0.0,0.0,0.0,0.0,0.0,0.0,0.0,0.0,0.0,0.0
16,Black Walnut,0.0,0,0.0,0.0,0.0,187.9,0,48700.0,0,0.0,0.5,1.9,33200.0,0.0,0.0,0.01,26.4,0.0,0.0,0.0,0.0,111.7,2.7,0.0,0.04,0.7,0.0,0.0,0.0,347.6,1002.7,0.0,9800.0,21200,0.0,0.0,0.1,0.0,0.002,8.05,0.0,0.0,0,0,0.0,0.0,0.2,0.0,0.0,0.0,0.0,0.0,0.0,0.0,0.0,0.0,0.0,0.0,4.6
17,Blueberry,11.6,0,0.0,87.8,0.0,40.0,0,91813.0,0,0.0,0.0,0.4,2509.0,0.0,71.5,0.0,1.1,136.5,0.0,260.0,78.0,33.2,2.0,71.5,0.0,2.4,0.0,0.6,156.0,67.5,585.9,162.4,4472.0,0,0.0,0.0,0.34,0.0,0.0,41.4,0.0,0.0,0,0,0.0,0.31,0.0,0.0,0.0,117.0,0.0,0.0,19.5,182.0,0.25,0.0,0.0,0.0,0.7
18,Brazillian Guava,0.0,0,0.0,175.0,0.0,73.1,0,0.0,0,0.0,0.0,0.0,1250.0,0.0,0.0,0.0,0.3,0.0,0.0,0.0,0.0,50.0,0.0,0.0,0.0,0.0,0.0,0.0,0.0,62.5,1037.5,0.0,5625.0,0,0.0,0.0,0.0,0.0,0.0,31.0,0.0,0.0,0,37500,0.0,0.0,0.0,0.0,0.0,0.0,0.0,0.0,0.0,0.0,0.0,0.0,0.0,0.0,0.0
19,Brazilnut,0.0,0,0.0,0.7,0.0,182.0,0,13242.9,0,0.0,0.06,1.8,70000.0,0.0,415.9,0.02,9.3,621.8,0.0,1228.1,559.7,337.0,0.8,1034.6,0.0,1.7,0.0,0.3,771.8,675.0,645.0,788.4,15310.0,0,0.0,0.0,0.1,0.0,49.7,2.0,0.0,0.0,0,0,0.0,1.0,0.0,0.0,0.0,475.9,8.0,0.0,269.0,942.5,0.3,0.0,0.0,0.0,5.3
20,Breadfruit,0.0,0,0.0,63.0,0.0,138.75,0,79972.5,0,0.0,0.0,0.75,8120.0,0.0,473.5,0.0,6.0,217.5,0.0,754.25,714.65,97.5,0.35,126.75,0.0,3.0,0.0,1.775,955.5,342.25,1670.0,844.0,12892.0,0,0.0,0.0,0.39999999999999997,0.0,0.0,9.8,0.0,0.0,0,0,0.0,0.7,0.0,0.0,0.0,528.5,0.0,0.0,281.5,691.75,0.0,0.0,0.0,0.0,0.8
21,Breadroot,0.0,0,0.0,17.1,0.0,510.0,0,0.0,0,0.0,0.0,0.0,3680.0,0.0,126.6,0.0,3.9,130.8,0.0,244.8,274.3,140.0,0.0,25.3,0.0,0.0,0.0,0.0,122.4,50.0,280.0,126.6,42200.0,0,0.0,0.0,0.0,0.0,0.0,0.0,69840.0,0.0,0,0,5600.0,0.0,0.0,0.0,0.0,147.7,0.0,0.0,63.3,173.0,0.0,0.0,0.0,0.0,0.0
22,Brussel-Sprout,6.3,0,0.0,606.9,0.0,317.7,0,63974.4,0,0.0,0.0,0.5,2856.0,0.0,542.6,0.0,13.6,942.5,0.0,1085.3,1099.6,164.2,2.4,228.5,0.063,6.4,0.0,2.2,699.7,492.7,2934.3,0.0,25000.0,0,0.0,0.0,1.0,0.0,0.0018,199.0,0.0,0.0,0,0,0.0,1.1,0.0,0.0,0.0,856.8,0.0,0.0,264.2,1106.7,1.6,0.0,0.0,0.0,15.7
23,Burdock,0.0,0,0.0,15.1,0.0,851.0,0,85000.0,0,0.0,2.0,2.9,6544.5,0.0,155.0,0.0,147.0,150.0,0.0,160.0,335.0,537.0,6.0,45.0,0.0,1.5,0.0,0.0,165.0,437.0,1680.0,260.0,13007.5,0,0.0,0.0,0.34,0.0,0.0,152.0,0.0,0.0,0,0,0.0,0.0,0.0,1.1,0.0,130.0,0.0,0.0,30.0,165.0,0.0,0.0,0.0,0.0,3.9
24,Butterbur,0.0,0,0.0,572.5,0.0,1636.25,0,65636.0,0,0.0,2.3,1.6,727.0,0.0,0.0,0.0,105.9,0.0,0.0,0.0,0.0,254.5,10.0,0.0,0.0,3.6,0.0,0.0,0.0,199.0,2695.0,0.0,7090.0,0,0.0,0.0,0.36,0.0,0.0,127.0,0.0,0.0,0,0,0.0,0.36,0.0,0.0,0.0,0.0,0.0,0.0,0.0,0.0,0.0,0.0,0.0,0.0,6.0
25,Butternut,0.0,0,0.0,0.0,0.0,72.4,0,12466.4,0,0.0,0.14,0.84,59504.4,0.0,835.9,0.01,7.6,1219.7,0.0,2275.0,796.6,267.6,7.2,632.1,0.04,0.0,0.0,0.0,1491.8,483.4,749.3,1278.7,27158.7,0,0.0,0.0,0.0,0.0,0.01,1.2,0.0,0.0,0,0,0.0,0.0,0.0,0.0,0.0,972.5,0.0,0.0,378.6,1594.2,0.0,0.0,0.0,0.0,3.7
26,Cabbage,0.7,0,0.0,677.4,0.0,750.0,0,71796.9,0,0.0,0.87,8.7,3355.9,0.0,334.3,0.0,15.1,815.6,0.0,842.3,762.1,222.8,4.5,160.4,0.87,4.0,0.0,1.9,521.4,650.0,4250.0,3182.1,17942.5,0,0.0,0.0,0.4,0.0,0.025,451.0,0.0,0.0,0,0,0.0,1.0,0.0,0.0,0.0,561.5,0.0,0.0,160.4,695.2,1.4,0.0,0.0,0.0,3.6
27,Carambola,0.0,0,0.0,493.5,0.0,104.0,0,93600.0,0,0.0,0.0,1.5,5200.0,0.0,44.0,0.0,16.5,253.0,0.0,440.0,440.0,120.0,1.1,121.0,0.0,5.3,0.0,0.0,209.0,210.0,2350.0,286.0,7300.0,0,0.0,0.0,0.52,0.0,0.0,35.1,0.0,0.0,0,0,0.0,0.657,0.0,0.0,0.0,253.0,0.0,0.0,44.0,286.0,0.0,0.0,0.0,0.0,1.2
28,Carob,0.0,0,0.0,0.0,0.0,0.0,0,0.0,0,0.0,0.0,0.0,750.0,0.0,1175.0,0.0,0.0,1645.0,0.0,3055.0,2632.0,0.0,0.0,470.0,0.0,0.0,0.0,0.0,1504.0,0.0,0.0,1880.0,63000.0,0,0.0,0.0,0.0,0.0,0.0,0.0,35000.0,0.0,0,0,70000.0,0.0,0.0,0.0,0.0,1692.0,0.0,0.0,0.0,2068.0,0.0,0.0,0.0,0.0,0.0
29,Carrot,41.199999999999996,0,0.0,77.5,0.0,571.0,0,85000.0,0,0.0,0.15,1.8,16550.0,0.0,131.0,0.0,30.0,336.0,0.0,352.0,327.5,198.0,6.2,57.5,0.07,0.0,0.0,1.7,262.0,509.0,4636.0,237.5,10600.0,0,0.0,0.0,0.5,0.0,0.002,950.4,2520.0,33900.0,0,0,0.0,0.6,0.0,0.0,0.0,311.0,0.0,0.0,90.0,360.0,1.3,0.0,0.0,0.0,7.9
30,Cashew,0.0,0,0.0,682.6,0.0,82.8,0,71922.59999999999,0,0.0,0.03,3.7,18366.666666666668,0.0,405.9,0.01,13.6,743.6,0.0,1307.2,831.1,265.0,0.84,278.7,0.01,2.9666666666666663,0.0,1.3,804.6,469.0,681.5,701.9,14333.333333333334,0,0.0,0.0,0.6766666666666666,0.0,0.02,25.7,0.0,0.0,0,0,0.0,0.36999999999999994,0.0,0.0,0.0,602.2,0.8,0.0,241.1,1058.0,0.3,0.0,0.0,0.0,5.7
31,Cassava,0.0,0,0.0,576.5,0.0,644.5,0,85487.5,0,0.0,0.0,0.38,2000.0,0.0,143.0,0.0,80.7,193.5,0.0,286.0,317.5,210.0,0.25,82.5,0.0,5.95,0.0,0.0,190.0,251.25,2426.0,241.5,19922.25,0,0.0,0.0,0.91,0.0,0.0,265.5,82840.0,0.0,0,0,3373.0,0.855,0.0,0.0,0.0,206.5,0.0,0.0,136.5,251.0,0.0,0.0,0.0,0.0,1.9
32,Cayenne,0.0,0,0.0,1999.2,0.0,156.0,0,84900.0,0,0.0,0.35,1.4,8316.0,0.0,334.6,0.0,13.5,530.4,0.0,856.8,726.2,220.3,2.0,195.8,0.0,15.8,0.0,0.5,505.9,379.4,3427.2,709.9,16320.0,0,0.0,0.0,0.8,0.0,0.0,73.4,0.0,0.0,0,0,0.0,0.8,0.0,0.0,0.0,603.8,2.4,0.0,212.2,685.4,2.3,0.0,0.0,0.0,2.4
33,Cereza,0.0,0,0.0,0.0,0.0,0.0,0,0.0,0,0.0,0.0,0.0,0.0,0.0,0.0,0.0,0.0,0.0,0.0,0.0,0.0,0.0,0.0,0.0,0.0,0.0,0.0,0.0,0.0,117.5,0.0,0.0,0.0,0,0.0,0.0,0.0,0.0,0.0,0.0,0.0,0.0,0,0,0.0,0.0,0.0,0.0,0.0,0.0,0.0,0.0,0.0,0.0,0.0,0.0,0.0,0.0,0.0
34,Cherimoya,0.0,0,0.0,72.5,0.0,128.25,0,92700.0,0,0.0,0.0,0.0,13650.0,0.0,0.0,0.0,14.8,0.0,0.0,0.0,0.0,102.25,5.25,0.0,0.0,5.0,0.0,0.0,0.0,151.0,2395.0,0.0,9350.0,0,0.0,0.0,0.55,0.0,0.0,18.65,0.0,0.0,0,0,11900.0,0.4,0.0,0.0,0.0,0.0,0.0,0.0,0.0,0.0,0.0,0.0,0.0,0.0,1.5
35,Chicory,0.0,0,0.0,114.5,0.0,1047.5,0,76475.0,0,0.0,0.0,0.0,1950.0,0.0,346.8,0.0,14.3,1224.0,0.0,897.6,795.6,187.6,0.0,122.4,0.0,6.1,0.0,0.0,489.6,366.7,2581.4,0.0,15800.0,0,0.0,0.0,2.9,0.2,0.0,196.4,0.0,0.0,0,0,0.0,1.4,0.0,0.0,0.2,571.2,0.0,0.0,367.2,918.0,0.0,0.0,0.0,0.0,0.0
36,Cloudberry,0.0,0,0.0,0.0,0.0,112.5,0,0.0,0,0.0,0.038,0.56,0.0,0.0,0.0,0.0,4.7,0.0,0.0,0.0,0.0,187.5,12.5,0.0,0.06,0.0,0.0,0.0,0.0,250.0,1187.5,0.0,0.0,0,0.0,0.0,0.0,0.0,0.0,0.0,0.0,0.0,0,0,0.0,0.0,0.0,0.0,0.0,0.0,0.0,0.0,0.0,0.0,0.0,0.0,0.0,0.0,4.0
37,Cobnut,0.0,0,0.0,2.2,0.0,259.1,0,22900.0,0,0.0,0.07,8.2,65000.0,0.0,0.0,0.003,9.9,0.0,0.0,0.0,0.0,315.6,10.0,0.0,0.06,5.4,0.0,1.2,0.0,462.2,1043.3,0.0,21000.0,0,0.0,0.0,0.44,0.0,0.008,3.2,0.0,5000.0,0,0,0.0,0.6,0.0,0.0,0.0,0.0,0.0,0.0,0.0,0.0,0.6,0.0,0.0,0.0,3.9
38,Coconut,0.0,0,0.0,8.8,0.0,47.6,0,33100.0,0,0.0,0.02,3.3,71900.0,0.0,0.0,0.03,3.3,0.0,0.0,0.0,0.0,77.0,2.1,0.0,0.003,1.0,0.0,0.0,0.0,240.0,1149.1,0.0,7700.0,0,0.0,0.0,0.07,0.0,0.002,62.6,0.0,6915.0,0,0,0.0,0.1,0.0,0.0,0.0,0.0,0.0,0.0,0.0,0.0,0.0,0.2,0.0,0.0,1.7
39,Corn Salad,0.0,0,0.0,0.0,0.0,713.9,0,50000.0,0,0.0,0.0,1.32,5555.5,0.0,500.0,0.0,414.3,1375.0,0.0,1847.0,1402.5,379.8,20.1,347.0,0.241,0.0,0.0,0.0,1264.0,0.0,4886.4,1083.0,27777.5,0,0.0,0.0,0.0,0.0,0.0,33.1,0.0,0.0,0,0,0.0,0.0,0.0,0.0,0.0,1041.5,0.0,0.0,361.0,1375.0,0.0,0.0,0.0,0.0,6.45
40,Custard Apple,0.0,0,0.0,140.0,0.0,127.0,0,88400.0,0,0.0,0.0,0.0,21050.0,0.0,0.0,0.0,4.7,0.0,0.0,0.0,130.0,63.0,0.0,14.0,0.0,0.0,3.8,1.7,0.0,147.5,2281.0,0.0,8900.0,0,0.0,0.0,0.55,0.0,0.0,27.5,0.0,0.0,0,0,0.0,0.5,0.0,0.0,0.0,0.0,0.0,0.0,24.5,0.0,0.8,0.0,0.0,0.0,0.0
41,Date Palm,0.0,0,0.0,75.0,0.0,121.8,0,90075.0,0,161.0,0.0,0.30000000000000004,6250.0,0.0,39.0,0.006,8.4,465.0,0.0,114.0,245.0,79.0,3.05,219.0,0.0,13.5,0.0,1.0,74.0,495.75,561.0,159.0,5050.0,0,0.0,0.0,0.13,0.0,0.0,60.0,20600.0,21910.0,0,0,85000.0,0.17,0.0,0.0,0.0,98.0,0.0,0.0,64.5,271.0,0.3,0.0,0.0,0.0,1.65
42,Durian,0.0,0,0.0,127.0,0.0,60.0,0,87368.5,0,0.0,0.0,0.0,7380.0,0.0,0.0,0.0,3.7,0.0,0.0,0.0,0.0,0.0,0.0,0.0,0.0,3.7,0.0,0.0,0.0,201.0,1810.0,0.0,11600.0,0,0.0,0.0,1.0,0.0,0.0,3.0,0.0,0.0,0,0,43000.0,1.8,0.0,0.0,0.0,0.0,0.0,0.0,0.0,0.0,0.0,0.0,0.0,0.0,0.0
43,Echte Feige (Ger.),0.0,0,0.0,153.15,0.0,1791.4,0,77507.15,0,0.0,0.0,0.36,12766.666666666666,0.0,52.7,0.0,5.7,110.1,0.0,158.0,143.6,87.2,0.7,28.7,0.0,3.2,0.0,1.4,86.2,276.4,1166.2,234.6,13000.0,0,0.0,0.0,0.57,0.0,0.0,36.6,0.0,225.0,0,0,0.0,0.33,0.0,0.0,0.0,114.9,0.0,0.0,28.7,134.0,0.54,0.0,0.0,0.0,0.7
44,Elephant Garlic,0.0,0,0.0,220.89999999999998,0.0,354.3,0,71333.33333333333,0,0.0,0.0,0.0,3300.0,0.0,0.0,0.0,12.933333333333332,0.0,0.0,0.0,0.0,0.0,0.0,0.0,0.0,5.5,0.0,0.0,0.0,347.56666666666666,2981.1,0.0,23433.333333333332,0,0.0,0.0,1.03,0.0,0.0,47.2,0.0,0.0,0,0,0.0,0.8266666666666667,0.0,0.0,0.0,0.0,0.0,0.0,0.0,0.0,0.0,0.0,0.0,0.0,0.0
45,Endive,0.0,0,0.0,930.2,0.0,1008.0,0,53945.2,0,0.0,0.048,1.68,3220.0,0.0,370.4,0.0,36.0,1159.4,0.0,1578.1,1014.5,240.0,7.2,225.4,0.168,6.4,0.0,14.5,853.5,576.0,9600.0,950.0,20930.0,0,0.0,0.0,1.3,0.0,0.0024,456.0,0.0,0.0,0,0,0.0,1.4,0.0,0.0,0.0,805.1,0.0,0.0,80.5,1014.5,0.32,0.0,0.0,0.0,14.6
46,English Walnut,13.5,0,0.0,935.0666666666666,0.002,110.0,0,24800.0,0,0.0,0.0,1.5,70100.0,0.0,372.5,0.0,2.8,587.5,0.0,1029.5,402.5,194.5,3.2,290.5,0.0,3.1,0.0,1.0,652.0,510.0,687.0,574.0,20400.0,0,0.0,0.0,0.5,0.0,0.0,13.0,0.0,0.0,0,0,0.0,0.5,0.0,0.0,0.0,465.0,0.0,441.0,196.0,750.5,1.1,0.0,0.0,0.0,3.0
47,European Chestnut,0.0,0,0.0,0.0,0.0,52.8,0,88616.0,0,0.0,0.0,0.5,5876.0,0.0,121.8,0.0,1.6,172.0,0.0,251.8,261.7,70.4,1.3,102.8,0.0,0.0,0.0,0.0,185.1,112.2,864.6,222.2,9450.0,0,0.0,0.0,0.0,0.0,0.0,6.6,58000.0,0.0,0,0,0.0,0.0,0.0,0.0,0.0,160.4,0.0,0.0,48.5,237.8,0.0,0.0,0.0,0.0,1.0
48,European Grape,3.1,0,0.0,159.33333333333334,0.0,1123.7,0,91409.5,0,0.0,0.46925,1.16,11694.9,0.0,123.5,0.0,52.7,25.7,0.0,72.0,77.2,333.5,52.0,113.2,0.0539,1.54,0.0,0.13,72.0,177.9,2237.0,113.2,7474.533333333333,0,0.0,0.0,0.505,0.0,0.0012,30.5,0.0,0.0,0,18900,0.0,0.795,0.0,0.0,0.0,92.6,0.0,0.0,15.4,92.6,0.0,0.0,0.6,0.0,5.1
49,Garden Cress,94.8,0,0.0,651.0,0.0,1181.5,0,51887.0,0,0.0,0.0,0.0,16052.0,0.0,0.0,0.011,28.6,0.0,0.0,0.0,0.0,0.0,0.0,0.0,0.0,9.5,0.0,0.0,0.0,1233.5,5717.0,0.0,28843.25,0,0.0,0.0,2.5,0.0,0.0,132.0,0.0,0.0,0,0,0.0,0.75,0.0,0.0,0.0,0.0,0.0,0.0,0.0,0.0,2.3,0.0,0.0,0.0,0.0
50,Garland Chrysanthemum,0.0,0,0.0,456.5,0.0,860.75,0,54753.25,0,0.0,0.0,0.0,3450.25,0.0,0.0,0.0,40.25,0.0,0.0,0.0,0.0,228.5,0.0,0.0,0.0,10.35,0.0,0.0,0.0,476.5,5806.5,0.0,24330.25,0,0.0,0.0,2.95,0.0,0.0,1164.5,0.0,0.0,0,0,0.0,0.9099999999999999,0.0,0.0,0.0,0.0,0.0,0.0,0.0,0.0,0.0,0.0,0.0,0.0,0.0
51,Gooseberry,0.0,0,0.0,239.7,0.0,412.2,0,83923.9,0,0.0,0.008,0.6,12390.75,0.0,0.0,0.0,4.0,0.0,0.0,0.0,0.0,93.8,1.6,0.0,0.0,2.5,0.0,2.4,0.0,266.5,2083.0,0.0,8491.3,0,0.0,0.0,0.2,0.0,0.0,8.2,1500.0,0.0,0,0,10250.0,0.3,0.0,0.0,0.0,0.0,5.6,0.0,0.0,0.0,0.7,0.0,0.0,0.0,1.6
52,Granado (Sp.),0.0,0,0.0,63.6,0.0,65.0,0,92700.0,0,0.0,0.0,0.2,11900.0,0.03,0.0,0.0,1.6,0.0,0.0,0.0,0.0,12.0,0.0,0.0,0.0,5.0,0.0,3.1,0.0,318.2,1895.0,0.0,4900.0,0,0.0,0.0,0.4,0.0,0.0,35.0,0.0,0.0,0,0,0.0,0.4,0.0,0.0,0.0,0.0,0.0,0.0,0.0,0.0,0.5,0.0,0.0,0.0,0.0
53,Groundnut,10.25,0,0.0,237.4,0.0,1798.9666666666665,0,59566.666666666664,0,0.0,0.008,1.1,21661.133333333335,0.0,801.3,0.0,11.85,1068.0,0.0,2065.3,1062.7,540.5,3.0,343.0,0.0,12.8,0.0,3.0,1571.5,602.0666666666667,1259.05,1536.2,24733.333333333332,0,0.0,0.0,1.5050000000000001,0.0,0.002,26.0,0.0,0.0,0,0,0.0,1.4,0.0,0.0,0.0,957.0,0.0,0.0,332.1,1243.7,0.37,0.0,0.0,0.0,3.5
54,Guava,0.0,0,0.0,0.0,0.0,158.2,0,85536.0,0,0.0,0.0,0.9,8206.666666666666,0.0,50.4,0.0,2.4,216.0,0.0,396.0,165.6,73.5,1.2,36.0,0.0,8.6,0.0,1.1,14.4,190.5,2165.8,180.0,10550.0,0,0.0,0.0,0.4,0.0,0.0,24.6,13200.0,0.0,0,0,0.0,0.4,0.0,0.0,0.0,223.2,0.0,0.0,50.4,201.6,1.0,0.0,0.0,0.0,2.0
55,Indian Tamarind,0.0,0,0.0,48.26666666666667,0.0,742.225,79125,0.0,0,0.0,0.0,2.1,5425.0,0.0,0.0,0.0,8.9,0.0,0.0,0.0,202.6,102.55,0.0,20.4,0.0,5.3,0.0,0.2,0.0,212.45,1336.3,0.0,16675.0,0,0.2,0.0,0.4666666666666666,0.0,0.0,44.800000000000004,0.0,0.0,0,0,0.0,0.5666666666666668,0.0,0.0,0.0,0.0,0.0,0.0,26.2,0.0,0.0,0.0,0.0,0.0,0.0
56,Jackfruit,0.0,0,0.0,43.5,0.0,138.4,0,84515.0,0,0.0,0.0,0.7,973.25,0.0,0.0,0.0,2.35,0.0,0.0,0.0,0.0,138.0,0.7,0.0,0.0,1.5,0.0,0.0,0.0,220.5,1512.5,0.0,10984.5,0,0.0,0.0,0.4,0.0,0.0,15.0,0.0,0.0,0,0,0.0,0.3,0.0,0.0,0.0,0.0,0.0,0.0,0.0,0.0,0.4,0.0,0.0,0.0,1.6
57,Jerusalem Artichoke,0.0,0,0.0,30.6,0.0,960.0,0,84700.0,0,0.0,0.0,3.0,500.0,0.0,190.6,0.0012,16.8,314.5,0.0,438.4,428.8,180.0,22.8,85.8,0.0,6.4,0.0,0.0,266.8,520.0,3970.0,257.3,13200.0,0,0.0,0.0,0.3,0.0,0.0,240.0,26260.0,0.0,0,51650,0.0,1.0,0.0,0.0,0.0,343.1,0.0,0.0,181.1,409.8,0.0,0.0,0.0,0.0,6.4
58,Jew's Mallow,0.0,0,0.0,408.0,0.0,1836.5,0,63300.0,0,0.0,0.0,0.0,8417.5,0.0,895.0,0.0,48.5,1800.0,0.0,3158.0,1782.5,520.0,0.0,529.0,0.0,10.2,0.0,0.0,1725.0,675.5,4550.0,2005.2,37850.0,0,0.0,0.0,4.4,0.0,0.0,75.5,0.0,0.0,0,0,0.0,1.08,0.0,0.0,0.0,1335.0,0.0,0.0,400.0,2018.5,5.0,0.0,0.0,0.0,0.0
59,Kiwi,0.0,0,0.0,637.0,0.0,191.0,0,87790.0,0,0.0,0.0,0.0,3840.0,0.0,0.0,0.0,3.0,0.0,0.0,0.0,0.0,177.0,0.0,0.0,0.0,3.0,0.0,0.0,0.0,306.0,1960.0,0.0,6283.0,0,0.0,0.0,0.3,0.0,0.0,29.5,0.0,0.0,0,0,0.0,0.1,0.0,0.0,0.0,0.0,0.0,0.0,0.0,0.0,0.0,0.0,0.0,0.0,0.0
60,Kohlrabi,0.0,0,0.0,689.0,0.0,266.5,0,68890.0,0,0.0,0.0,0.0,1111.0,0.0,211.1,0.0,4.4,866.7,0.0,744.5,622.2,211.0,0.0,144.5,0.0,4.4,0.0,1.8,433.3,511.0,3889.0,0.0,18890.0,0,0.0,0.0,0.22,0.0,0.0,222.2,0.0,0.0,0,0,0.0,0.55,0.0,0.0,0.0,544.5,0.0,0.0,111.0,555.5,1.7,0.0,0.0,0.0,0.0
61,Lambsquarter,0.0,0,0.0,900.0,0.0,1840.0,0,50000.0,0,0.0,0.0,0.5,6798.0,0.0,738.9,0.0,12.75,1611.6,0.0,2229.5,2255.0,292.0,2.1,312.1,0.067,5.55,0.0,0.0,1057.4,2049.65,8710.0,1420.5,23300.0,0,0.0,0.0,3.9,0.0,0.0,25.0,0.0,0.0,0,0,0.0,0.6,0.0,0.0,0.0,1038.3,0.0,0.0,242.1,1439.6,0.0,0.0,0.0,0.0,2.4
62,Lemon,0.0,0,0.0,556.6,0.0,322.7,0,86300.0,0,0.0,0.0,0.0,21400.0,0.0,0.0,0.0,7.2,0.0,0.0,0.0,0.0,0.0,0.0,0.0,0.0,0.0,0.0,0.0,0.0,197.9,1470.0,0.0,11100.0,0,0.0,0.0,0.3,0.0,0.0,47.0,0.0,0.0,0,0,0.0,0.6,0.0,0.0,0.0,0.0,0.0,0.0,0.0,0.0,0.0,0.0,0.0,0.0,0.0
63,Lettuce,13.9,0,0.0,300.0,0.0,1914.0,0,58333.3,0,0.0,2.0,2.9,5000.0,0.0,366.7,0.0,17.6,1400.0,0.0,1316.7,1400.0,870.0,24.0,266.7,0.2,6.7,0.0,3.3,916.7,1392.0,12180.0,800.0,21666.7,0,0.0,0.0,0.0,0.0,0.0058,1856.0,0.0,0.0,0,6500,0.0,0.83,0.0,0.0,0.0,983.3,0.0,0.0,150.0,1166.7,0.92,0.0,0.0,0.0,97.4
64,Lime,0.0,0,0.0,444.4,0.0,308.4,0,89590.0,0,0.0,0.0,0.6,2670.0,0.0,0.0,0.0,6.7,0.0,0.0,0.0,119.0,0.0,0.0,17.0,0.0,2.9,0.0,1.8,0.0,200.0,953.3,0.0,6500.0,0,0.0,0.0,0.2,0.0,0.0,22.2,0.0,0.0,0,0,1740.0,0.3,0.0,0.0,0.0,0.0,0.0,0.0,25.5,0.0,0.0,0.0,0.0,0.0,0.9
65,Loquat,0.0,0,0.0,84.0,0.0,1214.05,0,91900.0,0,0.0,0.0,0.7,25000.0,0.0,0.0,0.0,13.35,0.0,0.0,0.0,0.0,248.0,22.4,0.0,0.0,2.5,0.0,0.0,0.0,266.7,2156.6,0.0,5600.0,0,0.0,0.0,0.42,0.0,0.0,20.7,0.0,0.0,0,0,0.0,0.18,0.0,0.0,0.0,0.0,0.0,0.0,0.0,0.0,0.0,0.0,0.0,0.0,2.8
66,Macadamia,0.0,0,0.0,0.0,0.0,107.5,0,15900.0,0,0.0,0.0,0.3,77500.0,0.0,173.0,0.0,20.0,251.0,0.0,475.0,333.0,119.0,0.0,95.0,0.0,2.2,0.0,0.0,267.5,175.0,378.5,407.5,9200.0,0,0.0,0.0,0.1,0.0,0.0,5.0,0.0,0.0,0,0,0.0,0.4,0.0,0.0,0.0,270.5,0.0,0.0,0.0,330.0,0.0,0.0,0.0,0.0,1.8
67,Malanga,0.0,0,0.0,0.0,0.0,1090.0,0,76450.0,0,0.0,0.0,1.4,5605.0,0.0,0.0,0.0,19.6,0.0,0.0,0.0,0.0,263.5,1.13,0.0,0.0,2.0,0.0,0.0,0.0,2155.8,3910.0,0.0,15500.0,0,0.0,0.0,0.09,0.0,0.0,47.0,80564.0,0.0,0,0,1787.0,0.38,0.0,0.0,0.0,0.0,0.0,0.0,0.0,0.0,0.0,0.0,0.0,0.0,1.9
68,Mamey,0.0,0,0.0,151.5,0.0,98.5,0,91700.0,0,0.0,0.0,0.0,6827.5,0.0,0.0,0.0,5.1,0.0,0.0,0.0,0.0,0.0,0.0,0.0,0.0,5.0,0.0,0.0,0.0,92.5,340.5,0.0,4615.0,0,0.0,0.0,0.38,0.0,0.0,108.5,0.0,5500.0,0,0,0.0,0.23,0.0,0.0,0.0,0.0,0.0,0.0,0.0,0.0,0.0,0.0,0.0,0.0,0.0
69,Mandarin,3.1,0,0.0,368.4,0.0,307.7,0,90191.4,0,0.0,0.008,0.48,2200.0,0.0,354.6,0.0,7.9,137.0,0.0,129.0,257.9,141.6,0.46,104.8,0.0,3.5,0.0,1.6,169.3,138.5,1312.7,249.9,8022.8,0,0.0,0.0,0.4,0.0,0.0,15.4,0.0,0.0,0,0,11360.0,0.8,0.0,0.0,0.0,80.6,0.0,0.0,48.4,217.6,0.5,0.0,0.0,0.0,0.8
70,Mango,0.0,0,0.0,209.5,0.0,1535.0,0,73469.5,0,0.0,0.0,1.66,5396.333333333333,0.0,120.0,0.0016,15.25,200.0,0.0,295.0,320.0,87.5,1.22,55.0,0.0,8.15,0.0,0.88,370.0,242.5,947.5,200.0,7766.666666666667,0,0.0,0.0,0.30000000000000004,0.0,0.0,14.3,72800.0,12580.0,0,0,10785.0,0.26,0.0,0.0,0.0,225.0,0.0,0.0,70.0,270.0,0.73,0.0,0.0,0.0,1.14
71,Mangosteen,0.0,0,0.0,25.5,0.0,63.7,0,96000.0,0,0.0,0.0,0.0,3000.0,0.0,0.0,0.0,4.6,0.0,0.0,0.0,0.0,0.0,0.0,0.0,0.0,3.8,0.0,0.0,0.0,68.5,856.0,0.0,3428.5,0,0.0,0.0,0.13,0.0,0.0,6.4,0.0,0.0,0,0,96000.0,0.19,0.0,0.0,0.0,0.0,0.0,0.0,0.0,0.0,0.0,0.0,0.0,0.0,0.0
72,Maracuya,0.0,0,0.0,120.5,0.0,99.5,0,85100.0,0,0.0,0.0,0.0,13300.0,0.0,0.0,0.0,12.2,0.0,0.0,0.0,0.0,0.0,0.0,0.0,0.0,6.0,0.0,0.0,0.0,448.5,1397.5,0.0,9950.0,0,0.0,0.0,0.5,0.0,0.0,112.4,0.0,0.0,0,0,0.0,0.14,0.0,0.0,0.0,0.0,0.0,0.0,0.0,0.0,0.0,0.0,0.0,0.0,0.0
73,Mountain Yam,0.0,0,0.0,14.0,0.0,140.0,0,87877.0,0,0.0,0.0,0.0,539.0,0.0,161.5,0.0,2.4,242.5,0.0,452.5,280.0,79.2,0.0,97.0,0.0,2.9,0.0,0.0,334.0,183.0,2535.0,258.5,7220.0,0,0.0,0.0,0.1,0.0,0.0,75.0,0.0,0.0,0,0,0.0,0.7,0.0,0.0,0.0,253.0,0.0,0.0,59.5,291.0,0.0,0.0,0.0,0.0,0.0
74,Mustard Greens,0.0,0,0.0,0.0,0.0,556.5,0,0.0,0,0.0,0.0,1.4,25900.0,0.0,0.0,0.0,17.4,0.0,0.0,0.0,0.0,383.7,0.0,0.0,0.0,0.0,0.0,0.0,0.0,0.0,0.0,0.0,30760.0,0,0.0,0.0,0.0,0.0,0.0,0.0,0.0,0.0,0,0,0.0,0.0,0.0,0.0,0.0,0.0,0.0,0.0,0.0,0.0,0.0,0.0,0.0,0.0,6.5
75,Nance,0.0,0,0.0,927.5,0.0,192.0,0,83721.0,0,0.0,0.0,0.0,7558.0,0.0,0.0,0.0,11.8,0.0,0.0,0.0,0.0,0.0,0.0,0.0,0.0,2.3,0.0,0.0,0.0,0.0,0.0,0.0,5232.5,0,0.0,0.0,0.23,0.0,0.0,0.0,0.0,0.0,0,0,0.0,0.12,0.0,0.0,0.0,0.0,0.0,0.0,0.0,0.0,0.0,0.0,0.0,0.0,0.0
76,New Zealand Spinach,0.0,0,0.0,500.0,0.0,966.5,0,41666.5,0,0.0,0.0,0.0,3333.5,0.0,0.0,0.0,13.3,0.0,0.0,0.0,0.0,650.0,0.0,0.0,0.0,8.5,0.0,5.0,0.0,466.5,2166.5,0.0,25000.0,0,0.0,0.0,2.0,0.0,0.0,2166.5,0.0,0.0,0,0,0.0,0.67,0.0,0.0,0.0,0.0,0.0,0.0,0.0,0.0,0.0,0.0,0.0,0.0,0.0
77,Olive,11.9,0,0.0,0.0,0.0,729.9,0,52000.0,0,0.0,0.0,0.0,25425.0,0.0,0.0,0.0,7.3,0.0,0.0,0.0,0.0,0.0,0.0,0.0,0.0,0.0,0.0,0.0,0.0,84.0,252.3,0.0,9466.666666666666,0,0.0,0.0,0.0,0.0,0.0,11009.2,0.0,0.0,0,0,0.0,0.0,0.0,0.0,0.0,0.0,0.0,0.0,0.0,0.0,0.0,0.0,0.0,0.0,0.0
78,Onion,3.0,0,0.0,385.15,0.0,419.65,0,70050.0,0,0.0,0.44,1.46,5653.95,0.0,207.1,0.0,26.866666666666664,457.8,0.0,446.9,610.4,123.0,2.87,109.0,0.23,8.25,0.0,1.6,327.0,477.54999999999995,2216.4,403.3,19650.0,0,0.0,0.0,1.5,0.0,0.0003,205.2,0.0,14590.0,0,0,0.0,0.62,0.0,0.0,0.0,305.2,0.0,0.0,185.3,294.3,1.8,0.0,0.0,0.0,4.35
79,Orange,2.9,0,0.0,407.1,0.0,561.5,0,88712.5,0,0.0,0.0385,0.55,1600.0,0.0,135.9,0.0,0.8,188.8,0.0,113.6,354.8,107.5,0.8,151.0,0.0385,0.0,0.0,1.9,234.0,198.0,1377.2,347.3,7800.0,0,0.0,0.0,0.3,0.0,0.0002,2.9,0.0,4700.0,0,0,11980.0,0.7,0.0,0.0,0.0,113.2,0.0,0.0,68.0,302.0,0.5,0.0,0.0,0.0,1.3
80,Papaya,0.0,0,0.0,0.0,0.0,1329.6,0,56733.333333333336,0,0.0,0.0,0.5,10875.0,0.0,44.8,0.0,3.8,71.6,0.0,143.2,223.8,105.8,0.11,17.9,0.0,6.300000000000001,0.0,1.9,80.6,378.55,2722.3500000000004,89.5,19168.5,0,0.0,0.0,1.2,0.0,0.0,63.25,0.0,0.0,0,0,0.0,0.4,0.0,0.26,0.0,98.5,0.0,0.0,71.6,89.5,0.17,0.0,0.0,0.0,0.54
81,Parsnip,0.0,0,0.0,83.0,0.0,352.5,0,90200.0,0,0.0,0.01,1.2,15600.0,0.0,0.0,0.0,11.2,0.0,0.0,0.0,0.0,210.0,3.3,0.0,0.05,3.4,0.0,2.9,0.0,736.5,4000.0,0.0,12000.0,0,0.0,0.0,0.4,0.0,0.0,57.5,0.0,0.0,0,0,0.0,1.14,0.0,0.0,0.0,0.0,0.0,0.0,0.0,0.0,0.44,0.0,0.0,0.0,7.0
82,Peach,8.6,0,0.0,112.7,0.0,491.0,0,91000.0,0,0.0,1.8625,2.0,23700.0,0.0,105.3,0.0,9.866666666666667,162.0,0.0,324.0,186.3,296.0,3.1166666666666667,137.7,0.105,8.2,0.0,1.4,178.2,257.5,1616.0666666666666,234.9,18750.0,0,0.0,0.0,0.4,0.0,0.0003,19.75,3600.0,10000.0,0,0,0.0,0.2,0.0,0.0,0.0,218.7,0.0,0.0,16.2,307.8,0.16,0.0,0.0,0.0,3.425
83,Pear,3.1,0,0.0,25.0,0.0,177.6,0,93329.2,0,0.0,0.0555,1.11,3219.8,0.0,24.7,0.0,3.7,67.9,0.0,123.5,86.5,111.0,0.555,30.9,0.026,0.6,0.0,0.4,0.0,133.2,1125.0,67.9,2540.0,0,0.0,0.0,0.24,0.0,0.0001,40.7,0.0,0.0,0,0,0.0,0.12,0.0,0.0,0.0,61.8,0.0,0.0,0.0,86.5,0.11,0.0,0.0,0.0,2.66
84,Pineapple,0.7,0,0.0,417.8,0.0,130.8,0,93800.0,0,0.0,0.0,0.88,4277.2,0.0,66.7,0.1,7.3,96.3,0.0,140.7,185.2,107.5,20.9,81.5,0.0,3.3,0.0,1.1,88.9,92.3,993.2,96.3,5500.0,0,0.0,0.0,0.3,0.0,0.0,18.0,1.9,15000.0,0,0,0.0,0.7,0.0,0.0,0.0,85.9,0.0,0.0,0.0,118.5,0.6,0.0,0.0,0.0,0.6
85,Pinyon Pine,0.0,0,0.0,2.1,0.0,11.7,0,20510.0,0,0.0,0.0,1.2,64803.5,0.0,294.5,0.0,3.7,478.0,0.0,886.5,461.5,265.0,0.0,220.0,0.0,4.6,0.0,0.0,471.0,59.0,785.3,661.0,0.0,0,0.0,0.0,0.3,0.0,0.0,86.0,0.0,0.0,0,0,0.0,1.3,0.0,0.0,0.0,390.0,0.0,0.0,155.0,625.5,0.0,0.0,0.0,0.0,5.0
86,Pistachio,5.4,0,0.0,0.0,0.0,146.4,0,25808.8,0,0.0,0.06,3.3,56700.0,0.0,557.6,5.1,13.7,1014.3,0.0,1744.5,1329.5,164.4,0.34,396.3,0.0,1.5,0.0,0.0,1231.7,528.0,1149.3,985.1,22210.2,0,0.0,0.0,0.0,0.0,0.01,53.8,0.0,3260.0,0,0,0.0,0.0,0.0,0.0,0.0,751.1,0.0,0.0,294.4,1468.8,0.0,0.0,0.0,0.0,3.0
87,Pitanga,0.0,0,0.0,211.5,0.0,64.0,0,92700.0,0,0.0,0.0,0.0,3263.75,0.0,0.0,0.0,1.4,0.0,0.0,0.0,0.0,0.0,0.0,0.0,0.0,2.1,0.0,0.0,0.0,81.5,0.0,0.0,6259.0,0,0.0,0.0,0.45,0.0,0.0,0.0,0.0,0.0,0,0,0.0,0.21,0.0,0.0,0.0,0.0,0.0,0.0,0.0,0.0,0.0,0.0,0.0,0.0,0.0
88,Plum,6.2,0,0.0,69.9,0.0,204.0,0,87905.4,0,0.0,0.119,3.4,23162.15,0.0,87.8,0.0,8.5,108.1,0.0,141.9,114.9,340.0,2.55,40.5,0.17,3.4,0.0,1.3,114.9,408.0,4420.0,229.7,12850.0,0,0.0,0.0,0.65,0.0,0.0013,5.4,0.0,0.0,20000,0,0.0,0.29,0.0,0.0,0.0,108.1,0.0,0.0,0.0,128.4,0.6,0.0,0.0,0.0,13.1
89,Pokeweed,0.0,0,0.0,1618.4,0.0,630.7,0,44100.0,0,0.0,0.0,0.0,4800.0,0.0,0.0,0.0,20.2,0.0,0.0,0.0,0.0,0.0,0.0,0.0,0.0,14.3,0.0,0.0,0.0,523.8,0.0,0.0,31100.0,0,0.0,0.0,3.9,0.0,0.0,0.0,0.0,0.0,0,0,0.0,1.0,0.0,0.0,0.0,0.0,0.0,0.0,0.0,0.0,0.0,0.0,0.0,0.0,0.0
90,Pomarrosa,0.0,0,0.0,238.5,0.0,204.5,0,96666.5,0,0.0,0.0,0.06,1935.0,0.0,0.0,0.0,7.5,0.0,0.0,0.0,0.0,26.0,0.0,0.0,0.0,3.4,0.0,0.0,0.0,85.2,322.5,0.0,4516.0,0,0.0,0.0,0.17,0.0,0.0,220.0,0.0,0.0,0,0,0.0,0.11,0.0,0.0,0.0,0.0,0.0,0.0,0.0,0.0,0.0,0.0,0.0,0.0,0.0
91,Potato,0.28,0,0.0,99.0,0.0,255.0,86200,0.0,0,0.0,0.14,1.4,900.0,0.0,214.0,0.0011,12.8,570.0,0.0,710.0,680.0,425.0,2.2,156.8,0.21,0.0,0.0,1.8,555.0,420.0,3000.0,670.0,12700.0,0,0.0,0.0,0.0,0.19,0.001,32.3,80000.0,0.0,0,0,0.0,0.0,0.0,0.0,0.5,430.0,0.0,0.0,225.0,645.0,0.0,0.0,0.0,0.0,4.41
92,Quince,0.0,0,0.0,96.0,0.0,80.5,0,95100.0,0,0.0,0.0,0.0,10450.0,0.0,0.0,0.0,5.2,0.0,0.0,0.0,0.0,0.0,0.0,0.0,0.0,2.2,0.0,0.0,0.0,104.9,1216.0,0.0,300.0,0,0.0,0.0,0.19,0.0,0.0,24.7,0.0,0.0,0,0,9600.0,0.19,0.0,0.0,0.0,0.0,0.0,0.0,0.0,0.0,0.0,0.0,0.0,0.0,0.0
93,Radish,0.0,0,0.0,702.6999999999999,0.0,1037.5,0,65133.333333333336,0,0.0,0.014,0.7,17475.0,0.0,252.0,0.0,24.025,581.5,0.0,717.0,678.5,376.5,3.0,135.5,0.0,15.83333333333333,0.0,1.8,445.5,632.8333333333334,4039.325,349.0,26550.0,0,0.0,0.0,1.2866666666666668,0.0,0.0,380.35,0.0,0.0,0,0,0.0,0.82,0.0,0.0,0.0,562.0,0.0,0.0,77.5,620.0,1.45,0.0,0.0,0.0,5.05
94,Raspberry,5.6,0,0.0,198.5,0.0,1210.0,0,79000.0,0,0.0,1.3,0.0,12850.0,0.0,0.0,0.0,101.0,0.0,0.0,0.0,0.0,319.0,8.2,0.0,0.0,0.0,0.0,0.0,0.0,234.0,1340.0,0.0,11300.0,0,0.0,0.0,0.0,0.0,0.0,7.7,0.0,0.0,0,0,0.0,0.0,0.0,0.34,0.0,0.0,0.0,0.0,0.0,0.0,0.0,0.0,0.0,0.0,0.0
95,Red Currant,5.9,0,0.0,255.4,0.0,287.5,0,85974.0,0,0.0,0.0125,0.7,13123.0,0.0,0.0,0.0,6.8,0.0,0.0,0.0,0.0,93.5,1.5,0.0,0.06,0.6,0.0,0.4,0.0,331.0,2125.0,0.0,8722.0,0,0.0,0.0,0.3,0.0,0.0,7.2,0.0,150.0,0,0,8320.0,0.2,0.0,0.0,0.0,0.0,0.0,0.0,0.0,0.0,0.4,0.0,0.0,0.0,1.6
96,Rhubarb,64.3,0,0.0,220.70000000000002,0.0,1643.1,0,72850.0,0,0.0,0.01,0.52,4850.0,0.0,0.0,0.0,20.2,0.0,0.0,0.0,0.0,197.5,3.5,0.0,0.01,4.5,0.0,1.33,0.0,346.7,6640.0,0.0,19550.0,0,0.0,0.0,0.85,0.0,0.0,85.5,0.0,0.0,0,0,0.0,0.49,0.0,0.0,0.0,0.0,0.0,0.0,0.0,0.0,0.0,0.0,0.0,0.0,4.6
97,Sallow Thorn,0.0,0,0.0,870.0,0.0,0.0,0,0.0,0,0.0,0.0,0.0,6730.0,0.0,0.0,0.0,0.0,0.0,2509.5,0.0,0.0,0.0,0.0,0.0,0.0,0.0,0.0,0.0,0.0,0.0,0.0,0.0,14650.0,0,0.0,0.0,0.0,0.0,0.0,0.0,0.0,500.0,0,0,0.0,0.0,0.0,0.0,0.0,0.0,0.0,0.0,0.0,0.0,0.0,160.0,0.0,0.0,0.0
98,Salsify,0.0,0,0.0,49.1,0.0,261.0,0,88800.0,0,0.0,0.0,0.1,3915.0,0.0,0.0,0.0,6.7,0.0,0.0,0.0,0.0,100.0,1.2,0.0,0.0,2.2,0.0,0.0,0.0,326.2,1696.4,0.0,16027.5,0,0.0,0.0,1.0,0.0,0.0,87.0,0.0,0.0,0,0,0.0,0.3,0.0,0.0,0.0,0.0,0.0,0.0,0.0,0.0,0.0,0.0,0.0,0.0,0.2
99,Sapodilla,0.0,0,0.0,62.5,0.0,130.0,0,92300.0,0,0.0,0.0,0.0,4400.0,0.0,0.0,0.0,4.0,0.0,0.0,0.0,0.0,0.0,0.0,0.0,0.0,1.0,0.0,0.0,0.0,53.0,874.5,0.0,2000.0,0,0.0,0.0,0.04,0.0,0.0,14.5,6400.0,8750.0,0,0,0.0,0.04,0.0,0.0,0.0,0.0,0.0,0.0,0.0,0.0,0.0,0.0,0.0,0.0,0.0
100,Sarson,18.9,0,0.0,0.0,0.0,0.0,0,0.0,0,0.0,0.28,0.6,0.0,0.0,0.0,0.0,9.3,0.0,0.0,0.0,0.0,0.0,2.0,0.0,0.0,0.0,0.0,0.0,0.0,0.0,0.0,0.0,0.0,0,0.0,0.0,0.0,0.0,0.0,0.0,0.0,0.0,0,0,0.0,0.0,0.0,0.0,0.0,0.0,0.0,0.0,0.0,0.0,0.0,0.0,0.0,0.0,1.5
101,Sour Cherry,0.94,0,0.0,87.3,0.0,195.4,0,87696.0,0,0.0,0.0,0.0,4800.0,0.0,0.0,0.0,7.8,0.0,0.0,0.0,0.0,64.8,0.8,0.0,0.0,3.2,0.0,1.0,0.0,230.2,1927.7,0.0,10300.0,0,0.0,0.0,0.5,0.0,0.0,21.6,0.0,0.0,0,0,10440.0,0.5,0.0,0.0,0.0,0.0,0.0,0.0,0.0,0.0,0.0,0.0,0.0,0.0,0.7
102,Soursop,0.0,0,0.0,154.0,0.0,260.0,0,0.0,0,0.0,0.0,0.16,12250.0,0.0,0.0,0.0,3.3,0.0,0.0,0.0,318.0,240.0,0.27,37.0,0.0,7.7,0.0,1.3,0.0,340.0,3600.0,0.0,13715.0,0,0.0,0.0,0.6,0.0,0.0,103.5,0.0,0.0,0,0,0.0,0.48,0.0,0.0,0.0,0.0,0.0,0.0,58.5,0.0,0.3,0.0,0.0,0.0,0.4
103,Spinach,41.9,0,759.5,0.0,0.0,1570.0,0,41566.0,0,0.0,0.042,2.4,4667.2,0.0,760.1,0.02,38.4,1745.8,0.0,2648.3,2066.4,1100.0,48.5,629.4,0.08,8.98,0.0,0.87,1532.0,623.2,6907.7,1330.1,35295.4,0,0.0,0.0,2.34,0.0,0.0057,1066.9,0.0,0.0,0,0,0.0,1.02,0.0,0.0,0.0,1448.9,0.0,0.0,463.2,1912.0,2.4,0.0,0.0,0.0,18.5
104,Strawberry Guava,0.0,0,0.0,210.0,0.0,340.0,0,93900.0,0,0.0,0.0,0.0,3300.0,0.0,26.0,0.0,8.2,108.5,0.0,201.5,82.5,88.0,0.0,20.5,0.0,3.8,0.0,0.0,5.0,230.5,1588.0,93.0,5500.0,0,0.0,0.0,0.19,0.0,0.0,191.5,0.0,0.0,0,0,0.0,0.19,0.0,0.0,0.0,114.0,0.0,0.0,26.0,103.5,0.0,0.0,0.0,0.0,0.0
105,Sugar-Apple,0.0,0,0.0,160.0,0.0,1126.75,0,90400.0,0,0.0,0.0,0.0,25550.0,0.0,0.0,0.0,6.6,0.0,0.0,0.0,205.5,78.5,25.3,26.0,0.0,3.6,0.0,0.8,0.0,160.0,1329.0,0.0,8659.0,0,0.0,0.0,0.5,0.0,0.0,45.7,0.0,0.0,54500,0,0.0,0.5,0.0,0.0,0.0,0.0,0.0,0.0,37.5,0.0,0.8,0.0,0.0,0.0,0.0
106,Swamp Cabbage,0.0,0,0.0,730.0,0.0,1266.5,0,60000.0,0,0.0,0.0,1.9,15600.0,0.0,624.0,0.15,54.0,1381.0,0.0,1939.0,0.0,381.0,0.0,584.5,0.0,12.0,0.0,0.0,1686.5,1236.0,4920.0,1168.5,36000.0,0,0.0,0.0,1.6,0.0,0.0,1500.0,0.0,0.0,0,0,0.0,0.9,0.0,0.0,0.0,1859.0,118.0,0.0,0.0,1793.0,0.0,0.0,0.0,0.0,9.2
107,Sweet Potato,0.0,0,0.0,271.0,0.0,1010.0,0,77250.0,0,0.0,0.0,0.7,3600.0,0.0,120.0,0.0045,21.45,301.9,0.0,445.5,328.0,66.5,1.5,151.0,0.0,4.7,0.0,2.4,364.5,404.5,2899.8,284.0,16849.1,0,0.0,0.0,1.2999999999999998,0.0,0.0,81.45,20100.0,0.0,0,9700,0.0,0.745,0.0,0.0,0.0,301.9,6.05,0.0,80.0,397.6,1.0,0.0,0.0,0.0,1.1
108,Taro,0.0,7336,0.0,197.5,0.0,1059.0,0,76250.0,0,0.0,0.0,0.47500000000000003,6150.0,0.0,455.5,0.0,20.0,998.5,0.0,1555.75,971.75,224.5,2.63,309.5,0.0,7.25,0.0,0.0,819.75,550.2,3676.7,204.5,22964.0,0,0.0,0.0,1.83,0.0,0.0,48.2,13135.0,0.0,0,1010,0.0,1.1,0.0,0.0,0.0,699.75,0.0,0.0,206.5,1032.0,0.0,0.0,0.0,0.0,3.63
109,Tomatillo,0.0,0,0.0,46.0,0.0,258.0,0,77100.0,0,168.5,0.0,1.6,8700.0,0.0,0.0,0.0,297.4,0.0,0.0,0.0,0.0,215.0,0.0,0.0,0.0,25.3,0.0,0.0,0.0,3025.0,3625.0,0.0,15700.0,0,0.0,0.0,0.24,0.0,0.0,45.4,0.0,2506.0,0,0,5740.0,0.6,0.0,0.0,0.0,0.0,0.0,0.0,0.0,0.0,0.0,0.0,0.0,0.0,7.1
110,Tomato,14.3,0,0.0,295.2,0.0,3160.0,0,71740.0,0,0.0,0.3,10.0,14872.05,0.0,214.9,0.0,80.0,347.1,0.0,545.5,545.5,515.0,10.0,132.2,0.6,9.9,0.0,6.1,380.1,695.0,5290.0,176.75,14893.5,0,0.0,0.0,0.8,0.0,0.0034,660.0,1000.0,0.0,0,0,4500.0,1.0,0.0,0.0,0.0,363.7,0.0,0.0,115.7,380.1,0.9,0.0,0.0,0.0,12.0
111,Vinespinach,0.0,0,0.0,1478.5,0.0,1580.0,0,49275.0,0,0.0,0.0,0.0,4347.5,0.0,565.0,0.0,17.5,768.0,0.0,1464.0,1246.5,0.0,0.0,275.5,0.0,7.0,0.0,0.0,1232.0,753.5,0.0,1014.5,26087.0,0,0.0,0.0,0.0,0.0,0.0,0.0,0.0,0.0,0,0,0.0,0.7,0.0,0.0,0.0,797.0,0.0,0.0,406.0,942.0,0.0,0.0,0.0,0.0,0.0
112,Water Lotus,0.0,0,0.0,1.5,0.0,618.2666666666667,0,77562.66666666667,0,0.0,0.0,1.7,2015.2333333333333,0.0,265.25,0.0,7.05,439.85,0.0,658.95,625.0,193.25,12.5,161.6,0.0,10.4,0.0,0.0,424.6,506.06666666666666,2578.85,846.2,20003.7,0,0.0,0.0,0.315,0.0,0.0,121.25,57098.8,3543.25,0,0,0.0,1.075,0.0,0.0,0.0,425.0,0.0,0.0,137.15,534.55,0.0,0.0,0.0,0.0,2.8
113,Water chestnut,0.0,0,0.0,31.7,0.0,26.5,0,87600.0,0,0.0,0.0,0.0,1600.0,0.0,0.0,0.0,3.7,0.0,0.0,0.0,0.0,0.0,0.0,0.0,0.0,5.3,0.0,0.0,0.0,407.5,2545.0,0.0,8500.0,0,0.0,0.0,0.9,0.0,0.0,92.0,40000.0,31750.0,0,0,0.0,0.6,0.0,0.0,0.0,0.0,0.0,0.0,0.0,0.0,0.0,0.0,0.0,0.0,0.0
114,Wild Yam,0.0,0,0.0,19.4,0.0,306.0,0,89700.0,0,0.0,2.6,0.0,600.0,0.0,0.0,0.0,31.5,0.0,0.0,0.0,0.0,163.0,6.4,0.0,0.0,0.0,0.0,0.0,0.0,173.0,542.0,0.0,6100.0,0,0.0,0.0,0.065,0.0,0.0,3.6,0.0,0.0,0,0,0.0,0.35,0.0,0.0,0.0,0.0,0.0,0.0,0.0,0.0,0.0,0.0,0.0,0.0,5.6
115,Yambean,0.0,0,0.0,184.5,0.0,138.0,0,80645.0,0,0.0,0.0,2.5,10921.75,0.0,341.0,0.0,5.5,285.5,0.0,442.5,470.0,147.5,0.0,120.0,0.0,2.8,0.0,0.0,295.0,166.0,1613.0,433.0,12903.0,0,0.0,0.0,0.28,0.0,0.0,55.5,55164.5,0.0,0,0,29625.5,0.37,0.0,0.0,0.0,322.5,0.0,0.0,0.0,387.0,0.0,0.0,0.0,0.0,0.0
